r,Metrica,Tiempo
-0.5,Tsr,1.3862943611198906
-0.25,Tsr,2.772588722239781
-0.1,Tsr,6.931471805599452
0.1,Td,6.931471805599452
0.25,Td,2.772588722239781
0.5,Td,1.3862943611198906
