N0,Nt,t,r
40,120,10,0.10986122886681098
80,20,8,-0.17328679513998632
50,50,12,0
30,200,15,0.12647466565905877
