lambda,r,clasificacion,T_dup,T_half
0.6,-0.5108256237659907,Decrecimiento,NA,1.3569154488567239
0.8,-0.2231435513142097,Decrecimiento,NA,3.1062837195053903
1,0,Estable,NA,NA
1.2,0.1823215567939546,Crecimiento,3.8017840169239308,NA
1.5,0.4054651081081644,Crecimiento,1.7095112913514547,NA
